{"cameraMode":{"drawMode":0,"name":"Shaded","section":"Shading Mode"},"sceneLighting":true,"audioPlay":false,"sceneViewState":{"showFog":true,"showMaterialUpdate":false,"showSkybox":true,"showFlares":true,"showImageEffects":true,"showParticleSystems":true},"in2DMode":false,"pivot":{"x":6.593017578125,"y":0.9830659627914429,"z":-0.30553412437438967},"rotation":{"x":0.06130257621407509,"y":0.6538249254226685,"z":-0.053279828280210498,"w":0.7522775530815125},"size":5.618615627288818,"orthographic":false}